"Brand_Reg","Mean(Labelled energy consumption (kWh/year))","Median(Labelled energy consumption (kWh/year))","Mean(Star2)","Median(Star2)","Count*(Submit_ID)","Median(Screen Size (inches))"
"SAMSUNG",552.8765638031686,499,4.359049207673057,4.5,1199,64.52637795275591
"KOGAN",435.12589073634234,395,4.644893111638955,4.5,842,54.63897637795275
"LG",494.25623268698064,422,4.952908587257621,5,722,64.52637795275591
"HISENSE",520.737951807229,489,5.343373493975905,5.5,332,64.5259842519685
"EKO",356.70165745856366,338,4.671270718232045,5,181,54.63897637795275
"SYLVOX",372.2816901408451,265,5.549295774647886,6,142,54.63897637795275
"JVC",310.04201680672276,269,5.004201680672269,5,119,54.492913385826775
"PHILIPS",400.871794871795,382,4.76923076923077,5,117,54.64488188976378
"BLAUPUNKT",350.32142857142856,302,4.616071428571428,4.5,112,49.5003937007874
"SONY",566.5588235294116,524.5,4.313725490196077,4.5,102,64.51889763779526
"TCL",608.8795180722891,511,4.8554216867469915,5,83,74.52992125984252
"BAUHN",260.1176470588235,227,5.9411764705882355,6,68,49.80964566929134
"TOSHIBA",438.6969696969697,379,5.515151515151515,5.5,66,64.5259842519685
"AIWA",247.88333333333335,210,5.225,5.5,60,49.49803149606299
"EMETE",679.3999999999999,650,4.600000000000001,4.5,55,74.51771653543307
"CAIXUN",132.98000000000002,151,5.829999999999999,6,50,39.49015748031496
"CHIQ",398.34042553191495,320,5.042553191489362,5,47,54.63897637795275
"LINSAR",308.8666666666667,316,6.033333333333333,6,45,60.10354330708662
"ENGLAON",145.09677419354836,148,4.451612903225806,4.5,31,30.388188976377954
"SKYWORTH",295.77419354838713,280,5.693548387096776,6,31,54.63897637795275
"AKAI",213.2333333333333,161,6,6,30,41.00748031496063
"SPARK ELECTRONICS",822.8275862068967,582,3.0689655172413803,3.5,29,64.61771653543306
"FFALCON",238.14285714285714,204.5,5.803571428571429,6,28,49.463779527559055
"LOEWE",289.1923076923077,266,5.211538461538462,5.5,26,52.03720472440945
"WALTON",130.66666666666669,135,6.270833333333334,6,24,39.5011811023622
"FPD",192.1818181818182,211,4.1818181818181825,4,22,39.5007874015748
"TELEFUNKEN",183.5263157894737,167,5.131578947368421,5,19,39.50275590551181
"DGTEC",308.29411764705884,367,5.9411764705882355,6,17,64.5259842519685
"COOCAA",247,230,6.066666666666666,6,15,54.58622047244094
"QBELL",329,302,4.933333333333334,5,15,49.5003937007874
"ILUMA",115.50000000000001,115.5,4.25,4.25,14,27.73011811023622
"POLAROID",224.23076923076923,202,6,6,13,49.51732283464567
"SPHERE",85.46153846153845,92,4.769230769230769,4.5,13,23.807086614173226
"TECO",243.91666666666669,177,5.166666666666667,5.25,12,37.17755905511811
"HYUNDAI",365.45454545454555,373,5.681818181818182,6,11,64.4996062992126
"BELGIQUE",151.33333333333337,131,4.833333333333333,5,9,31.644094488188976
"DIGITECH",93.22222222222223,92,4.777777777777778,4.5,9,23.796850393700787
"MONSTER",244.33333333333334,220,6.222222222222223,6,9,49.49803149606299
"TEAC",170.22222222222223,124,5.333333333333333,5,9,31.511417322834646
"KONKA",236.5,237,5,5,8,44.5005905511811
"PRISM+",451.625,437,4.9375,5,8,64.5261811023622
"SVISION",217.57142857142858,165,5.142857142857143,5,7,42.75314960629921
"AOA",120.99999999999999,73.5,4.916666666666667,5,6,21.15807086614173
"KODAK",244.2,256,6,6,5,54.63897637795275
"SHARP",316,312,4.9,5,5,49.4988188976378
"SMARTTECH",220.8,210,5.8,6,5,49.5003937007874
"ALTIUS",79.25,78,6,6,4,27.533464566929133
"DREAME",574.25,570,4.625,4.5,4,69.53464566929134
"MYVI",106,90,4.625,4.75,4,23.74527559055118
"SHENZHEN XINCHAODA TECHNOLOGY CO., LTD",378.5,375,5.125,5,4,59.58248031496062
"SONIQ",465,426,4.875,4.75,4,64.51279527559055
"VDT",114.5,112.5,3.75,3.75,4,22.668700787401573
"VEON",271.75,304,5.375,5.5,4,54.63897637795275
"XIAOMI",537.75,494,6,6,4,79.5513779527559
"ZEN TV",109.75,112,4.625,4.5,4,27.70964566929134
"AVEL INNOVATIONS",108.66666666666667,91,4.5,4.5,3,23.708661417322833
"FURRION",107.66666666666667,107,4,4,3,23.807086614173226
"HUBBL",226.66666666666666,240,6,6,3,54.61062992125985
"METZ",376.6666666666667,122,5.666666666666667,5.5,3,39.624015748031496
"YOKOHAMA",298.6666666666667,278,5,5.5,3,54.85511811023622
"LPT",110,110,4.75,4.75,2,27.605708661417324
"TENET",54.5,54.5,5.25,5.25,2,18.509055118110236
"THOMSON",178,178,5.75,5.75,2,42.500590551181105
"BROOKLYN",125,125,5,5,1,31.511417322834646
"DYNALINK",76,76,5.5,5.5,1,23.55236220472441
"LSP TV",60,60,5,5,1,19.020866141732284
"PALSONIC",439,439,5,5,1,64.5259842519685
"RCA",90,90,4.5,4.5,1,23.440944881889763
"SHARETV",106,106,3,3,1,21.414173228346456
"SIGNIFY",378,378,4.5,4.5,1,54.63897637795275
"STAN CASH",60,60,5,5,1,18.42007874015748
"TAVICE",477,477,4.5,4.5,1,64.50393700787401
"WINTAL",72,72,4,4,1,18.509055118110236
